{
    "analytics": {
        "incompatibleBelow": "1.3.1"
    },
    "api": {
        "incompatibleBelow": "2.3"
    },
    "donamic_disposal": {
        "incompatibleBelow": "1.1.2"
    },
    "donamic_inheritance": {
        "incompatibleBelow": "1.3.7"
    },
    "iso27001": {
        "incompatibleBelow": "1.5.2"
    },
    "isms": {
        "incompatibleBelow": "1.5.2"
    },
    "maintenance": {
        "incompatibleBelow": "1.2.2"
    },
    "nagios": {
        "incompatibleBelow": "1.3"
    },
    "packager": {
        "incompatibleBelow": "1.2.1"
    },
    "privacy": {
        "incompatibleBelow": "1.0.1"
    },
    "swapci": {
        "incompatibleBelow": "1.3"
    },
    "viva2": {
        "incompatibleBelow": "3.2.4"
    },
    "workflow": {
        "incompatibleBelow": "1.1.1"
    }
}
